id,n_elems,n_nodes,Nu_bot_avg,Sth_max,Sfl_max
1,3844,3969,6.670431887977048,104.37198885839547,2406.6836086605012
2,7396,7569,6.646034152207981,103.57209914540664,2450.5564263813994
3,14884,15129,6.631150454500411,103.082328162912,2475.273562597945
4,29584,29929,6.62321710043748,102.82185072968633,2487.490902950849
5,59536,60025,6.618933375624088,102.68234852473859,2493.9131106904106
