id,n_elems,n_nodes,Nu_bot_avg,Sth_max,Sfl_max
1,4518,2377,4.009417816509635,56.0502677238056,1264.8842905907652
2,17770,9121,4.035753857288337,56.085910266258324,1814.2053599178955
3,70314,35628,4.026324980296799,56.092992147561674,1876.923866058757
